Percentile,PDOP
25,8.99718013203898
50,9.88266150282175
75,11.3058830557496
95,29.2218490132477
99,39.1259304310396
99.9,42.9758457526731
